year,label,page,lineup,days,entries,alts
2015,CLG,Counter Logic Gaming,FNS|hazed|jdm64|reltuC|tarik,197,16,2
2015,CSGL,Lounge Gaming,Loord|MICHU|SZPERO|innocent|oskarish,71,9,2
2015,Cloud9,Cloud9,Skadoodle|fREAKAZOiD|n0thing|sgares|shroud,210,79,2
2015,Conquest,Conquest,NAF|RUSH|ShahZaM|daps|stanislaw,63,7,2
2015,Dignitas,Dignitas,Kjaerbye|MSL|Nico|Pimp|aizy,174,152,6
2015,E-frag.net,E-Frag.net Esports Club,bubble|dream3r|nkl|spyleadeR|v1c7oR,166,6,1
2015,Envy,Team Envy,Happy|NBK-|SmithZz|kioShiMa|shox,169,43,2
2015,FlipSid3,FlipSid3 Tactics,B1ad3|WorldEdit|bondik|markeloff|s1mple,150,38,4
2015,G2,G2 Esports,MICHU|MINISE|SZPERO|innocent|mouz,103,84,6
2015,HellRaisers,HellRaisers,ANGE1|AdreN|Dosia|kUcheR|mou,166,68,6
2015,Kinguin,Devils.one,Maikelele|ScreaM|dennis|fox|rain,73,36,2
2015,Liquid,Team Liquid,EliGE|FugLy|Hiko|adreN|nitr0,119,69,4
2015,Luminosity,Luminosity Gaming,FalleN|boltz|coldzera|fer|steel,117,50,7
2015,MOUZ,MOUZ,NiKo|chrisJ|denis|gob b|nex,107,148,5
2015,Natus Vincere,Natus Vincere,Edward|GuardiaN|Zeus|flamie|seized,288,61,2
2015,Ninjas in Pyjamas,Ninjas in Pyjamas,GeT_RiGhT|Xizt|allu|f0rest|friberg,264,126,3
2015,SK,SK Gaming,AcilioN|BERRY|Friis|SandeN|tenzki,33,98,3
2015,Titan,Titan,Ex6TenZ|Maniac|RpK|apEX|kennyS,200,15,3
2015,Vexed,Vexed Gaming,Furlan|GruBy|Hyper|peet|rallen,85,57,2
2015,Virtus.pro,Virtus.pro,NEO|Snax|TaZ|byali|pashaBiceps,365,102,1
2015,fnatic,Fnatic,JW|KRIMZ|flusha|olofmeister|pronax,315,128,2
2016,Astralis,Astralis,Kjaerbye|Xyp9x|dev1ce|dupreeh|karrigan,145,65,3
2016,CLG,Counter Logic Gaming,Subroza|hazed|koosta|nahtE|reltuC,133,16,3
2016,Cloud9,Cloud9,Skadoodle|Slemmy|Stewie2K|n0thing|shroud,116,79,3
2016,Dignitas,Dignitas,MSL|Magiskb0Y|RUBINO|cajunb|k0nfig,169,152,3
2016,Envy,Team Envy,DEVIL|Happy|NBK-|apEX|kennyS,177,43,3
2016,FaZe,FaZe Clan,aizy|fox|jkaem|kioShiMa|rain,128,57,4
2016,FlipSid3,FlipSid3 Tactics,B1ad3|Shara|WorldEdit|markeloff|wayLander,153,38,2
2016,G2,G2 Esports,RpK|ScreaM|SmithZz|bodyy|shox,266,84,3
2016,GODSENT,GODSENT,Lekr0|pauf|pronax|twist|znajder,133,71,3
2016,Gambit,Gambit Esports,AdreN|Dosia|hooch|mou|spaze,159,37,3
2016,HellRaisers,HellRaisers,ANGE1|DeadFox|STYKO|Zero|bondik,108,68,6
2016,Immortals,Immortals,HEN1|LUCAS1|boltz|felps|steel,58,19,2
2016,Liquid,Team Liquid,EliGE|Hiko|Pimp|jdm64|nitr0,200,69,5
2016,Luminosity,Luminosity Gaming,FalleN|TACO|coldzera|fer|fnx,183,50,3
2016,MOUZ,MOUZ,NiKo|Spiidi|chrisJ|denis|nex,234,148,2
2016,Natus Vincere,Natus Vincere,Edward|GuardiaN|Zeus|flamie|seized,216,61,2
2016,Ninjas in Pyjamas,Ninjas in Pyjamas,GeT_RiGhT|Xizt|f0rest|friberg|pyth,297,126,1
2016,OpTic,OpTic Gaming,NAF|RUSH|daps|mixwell|stanislaw,128,33,4
2016,Tempo Storm,Tempo Storm,HEN1|LUCAS1|SHOOWTiME|boltz|felps,113,37,1
2016,Virtus.pro,Virtus.pro,NEO|Snax|TaZ|byali|pashaBiceps,366,102,1
2016,fnatic,Fnatic,JW|KRIMZ|dennis|flusha|olofmeister,98,128,4
2017,Astralis,Astralis,Kjaerbye|Xyp9x|dev1ce|dupreeh|gla1ve,365,65,1
2017,BIG,BIG,LEGIJA|gob b|keev|nex|tabseN,364,73,1
2017,CLG,Counter Logic Gaming,FNS|Rickeh|koosta|nahtE|reltuC,270,16,2
2017,Cloud9,Cloud9,Skadoodle|Stewie2K|autimatic|n0thing|shroud,226,79,2
2017,Envy,Team Envy,Happy|RpK|SIXER|ScreaM|xms,314,43,3
2017,FaZe,FaZe Clan,NiKo|allu|karrigan|kioShiMa|rain,165,57,4
2017,G2,G2 Esports,NBK-|apEX|bodyy|kennyS|shox,331,84,2
2017,Gambit,Gambit Esports,AdreN|Dosia|Hobbit|Zeus|mou,220,37,2
2017,HEROIC,HEROIC,JUGi|MODDII|Snappi|es3tag|niko,209,93,3
2017,HellRaisers,HellRaisers,ANGE1|DeadFox|STYKO|Zero|bondik,220,68,1
2017,Liquid,Team Liquid,EliGE|Twistzz|jdm64|nitr0|stanislaw,213,69,4
2017,MOUZ,MOUZ,STYKO|chrisJ|oskar|ropz|suNny,145,148,4
2017,Natus Vincere,Natus Vincere,Edward|GuardiaN|flamie|s1mple|seized,209,61,3
2017,Ninjas in Pyjamas,Ninjas in Pyjamas,GeT_RiGhT|REZ|Xizt|draken|f0rest,153,126,3
2017,North,North,MSL|Magisk|RUBINO|aizy|cajunb,1,33,1
2017,OpTic,OpTic Gaming,HS|Magisk|allu|friberg|mixwell,121,33,4
2017,Renegades,Renegades,AZR|Nifty|USTILO|jks|nexa,127,37,4
2017,SK,SK Gaming,FalleN|TACO|coldzera|felps|fer,267,98,2
2017,Virtus.pro,Virtus.pro,NEO|Snax|TaZ|byali|pashaBiceps,365,102,1
2017,fnatic,Fnatic,JW|KRIMZ|dennis|flusha|olofmeister,196,128,3
2018,AGO,AGO esports,Furlan|GruBy|TOAO|phr|snatchie,214,58,3
2018,Astralis,Astralis,Magisk|Xyp9x|dev1ce|dupreeh|gla1ve,328,65,2
2018,BIG,BIG,gob b|nex|smooya|tabseN|tiziaN,246,73,3
2018,Cloud9,Cloud9,RUSH|Skadoodle|Stewie2K|autimatic|tarik,89,79,5
2018,ENCE,ENCE,Aerial|Aleksib|allu|sergej|xseveN,272,92,1
2018,FaZe,FaZe Clan,GuardiaN|NiKo|karrigan|olofmeister|rain,259,57,1
2018,G2,G2 Esports,Ex6TenZ|SmithZz|bodyy|kennyS|shox,174,84,3
2018,GODSENT,GODSENT,Brollan|disco doplan|freddieb|hampus|twist,38,71,1
2018,Gambit,Gambit Esports,AdreN|Dosia|Hobbit|mir|mou,125,37,4
2018,HEROIC,HEROIC,AcilioN|MODDII|es3tag|friberg|mertz,94,93,4
2018,HellRaisers,HellRaisers,ANGE1|DeadFox|ISSAA|bondik|woxic,294,68,2
2018,Liquid,Team Liquid,EliGE|NAF|TACO|Twistzz|nitr0,258,69,4
2018,MIBR,MIBR,FalleN|Stewie2K|coldzera|fer|tarik,159,74,3
2018,MOUZ,MOUZ,STYKO|chrisJ|oskar|ropz|suNny,254,148,1
2018,NRG,NRG,Brehze|CeRq|Ethan|FugLy|daps,350,59,2
2018,Natus Vincere,Natus Vincere,Edward|Zeus|electroNic|flamie|s1mple,365,61,1
2018,Ninjas in Pyjamas,Ninjas in Pyjamas,GeT_RiGhT|Lekr0|REZ|dennis|f0rest,197,126,3
2018,North,North,Kjaerbye|MSL|aizy|mertz|valde,158,33,4
2018,OpTic,OpTic Gaming,JUGi|Snappi|cajunb|gade|k0nfig,156,33,4
2018,Renegades,Renegades,AZR|Nifty|USTILO|jkaem|jks,233,37,3
2018,Space Soldiers,Space Soldiers,Calyx|MAJ3R|XANTARES|ngiN|paz,1,10,1
2018,TYLOO,TYLOO,BnTeT|DD|captainMo|somebody|xccurate,306,73,2
2018,Virtus.pro,Virtus.pro,MICHU|NEO|Snax|byali|pashaBiceps,139,102,6
2018,fnatic,Fnatic,Golden|JW|KRIMZ|Lekr0|flusha,144,128,6
2019,AVANGAR,AVANGAR,AdreN|Jame|SANJI|buster|qikert,175,43,3
2019,Astralis,Astralis,Magisk|Xyp9x|dev1ce|dupreeh|gla1ve,365,65,1
2019,CR4ZY,CR4ZY,EspiranTo|LETN1|huNter-|nexa|ottoNd,273,29,2
2019,ENCE,ENCE,Aerial|Aleksib|allu|sergej|xseveN,234,92,2
2019,Evil Geniuses,Evil Geniuses,Brehze|CeRq|Ethan|stanislaw|tarik,97,95,1
2019,FORZE,FORZE Esports,FL1T|Jerry|almazer|facecrack|xsepower,365,90,1
2019,FURIA,FURIA,KSCERATO|VINI|ableJ|arT|yuurih,265,43,2
2019,FaZe,FaZe Clan,AdreN|GuardiaN|NiKo|olofmeister|rain,127,57,3
2019,G2,G2 Esports,AMANEK|JACKZ|Lucky|kennyS|shox,203,84,3
2019,HEROIC,HEROIC,NaToSaphiX|blameF|es3tag|friberg|stavn,102,93,7
2019,Liquid,Team Liquid,EliGE|NAF|Stewie2K|Twistzz|nitr0,365,69,1
2019,MIBR,MIBR,FalleN|TACO|coldzera|felps|fer,163,74,5
2019,MOUZ,MOUZ,chrisJ|frozen|karrigan|ropz|woxic,292,148,2
2019,Natus Vincere,Natus Vincere,Edward|Zeus|electroNic|flamie|s1mple,148,61,3
2019,Ninjas in Pyjamas,Ninjas in Pyjamas,GeT_RiGhT|Lekr0|REZ|dennis|f0rest,138,126,3
2019,OpTic,OpTic Gaming,JUGi|Snappi|cajunb|k0nfig|refrezh,86,33,4
2019,Renegades,Renegades,AZR|Gratisfaction|Liazz|jkaem|jks,304,37,2
2019,Tricked,Tricked Esport,Bubzkji|HUNDEN|acoR|b0RUP|sjuush,127,82,4
2019,Valiance,CR4ZY,EspiranTo|LETN1|huNter-|nexa|ottoNd,273,29,2
2019,Vitality,Team Vitality,ALEX|NBK-|RpK|ZywOo|apEX,250,36,2
2019,fnatic,Fnatic,Brollan|JW|KRIMZ|Xizt|twist,233,128,2
2020,Astralis,Astralis,Magisk|Xyp9x|dev1ce|dupreeh|gla1ve,131,65,1
2020,BIG,BIG,XANTARES|k1to|syrsoN|tabseN|tiziaN,365,73,1
2020,Complexity,Complexity,RUSH|blameF|k0nfig|oBo|poizon,266,117,2
2020,Evil Geniuses,Evil Geniuses,Brehze|CeRq|Ethan|stanislaw|tarik,366,95,1
2020,FURIA,FURIA,HEN1|KSCERATO|VINI|arT|yuurih,366,43,1
2020,FaZe,FaZe Clan,NiKo|broky|coldzera|olofmeister|rain,145,57,2
2020,G2,G2 Esports,AMANEK|JACKZ|huNter-|kennyS|nexa,301,84,1
2020,GODSENT,GODSENT,STYKO|farlig|kRYSTAL|maden|zehN,177,71,2
2020,Gen.G,Gen.G Esports,BnTeT|autimatic|daps|koosta|s0m,255,23,1
2020,HEROIC,HEROIC,TeSeS|b0RUP|cadiaN|niko|stavn,256,93,2
2020,Liquid,Team Liquid,EliGE|NAF|Stewie2K|Twistzz|nitr0,214,69,2
2020,MOUZ,MOUZ,chrisJ|frozen|karrigan|ropz|woxic,222,148,2
2020,Natus Vincere,Natus Vincere,Boombl4|Perfecto|electroNic|flamie|s1mple,330,61,2
2020,Ninjas in Pyjamas,Ninjas in Pyjamas,Plopski|REZ|hampus|nawwk|twist,226,126,3
2020,OG,OG,Aleksib|ISSAA|NBK-|mantuu|valde,366,43,1
2020,Spirit,Team Spirit,chopper|iDISBALANCE|magixx|mir|sdy,366,39,1
2020,Vitality,Team Vitality,RpK|ZywOo|apEX|misutaaa|shox,225,36,2
2020,fnatic,Fnatic,Brollan|Golden|JW|KRIMZ|flusha,365,128,1
2021,Astralis,Astralis,Bubzkji|Magisk|Xyp9x|dupreeh|gla1ve,99,65,1
2021,BIG,BIG,XANTARES|k1to|syrsoN|tabseN|tiziaN,211,73,3
2021,Copenhagen Flames,Copenhagen Flames,HooXi|Jabbi|Zyphon|nicoodoz|roeJ,227,52,3
2021,ENCE,ENCE,Snappi|Spinx|doto|dycha|hades,198,92,2
2021,Entropiq,Entropiq,El1an|Forester|Krad|Lack1|NickelBack,235,47,3
2021,Evil Geniuses,Evil Geniuses,Brehze|CeRq|MICHU|oBo|stanislaw,200,95,3
2021,FORZE,FORZE Esports,FL1T|Jerry|KENSi|almazer|zorte,249,90,3
2021,FURIA,FURIA,KSCERATO|VINI|arT|drop|yuurih,94,43,4
2021,FaZe,FaZe Clan,Twistzz|broky|karrigan|olofmeister|rain,213,57,3
2021,G2,G2 Esports,AMANEK|JACKZ|NiKo|huNter-|nexa,302,84,1
2021,Gambit,Gambit Esports,Ax1Le|HObbit|interz|nafany|sh1ro,365,37,1
2021,HEROIC,HEROIC,TeSeS|cadiaN|refrezh|sjuush|stavn,308,93,2
2021,Liquid,Team Liquid,EliGE|FalleN|Grim|NAF|Stewie2K,347,69,1
2021,MOUZ,MOUZ,Bymas|acoR|dexter|frozen|ropz,317,148,3
2021,Natus Vincere,Natus Vincere,Boombl4|Perfecto|b1t|electroNic|s1mple,264,61,1
2021,Ninjas in Pyjamas,Ninjas in Pyjamas,LNZ|Plopski|REZ|dev1ce|hampus,168,126,6
2021,OG,OG,Aleksib|flameZ|mantuu|niko|valde,267,43,2
2021,Spirit,Team Spirit,chopper|degster|magixx|mir|sdy,221,39,2
2021,Virtus.pro,Virtus.pro,Jame|Qikert|SANJI|YEKINDAR|buster,294,102,2
2021,Vitality,Team Vitality,Kyojin|ZywOo|apEX|misutaaa|shox,251,36,2
2021,fnatic,Fnatic,Brollan|Golden|JW|Jackinho|KRIMZ,100,128,5
2022,Astralis,Astralis,Xyp9x|blameF|farlig|gla1ve|k0nfig,230,65,4
2022,BIG,BIG,Krimbo|faveN|k1to|syrsoN|tabseN,144,73,3
2022,Cloud9,Cloud9,Ax1Le|HObbit|interz|nafany|sh1ro,252,79,1
2022,Copenhagen Flames,Copenhagen Flames,HooXi|Jabbi|Zyphon|nicoodoz|roeJ,152,52,2
2022,ENCE,ENCE,Snappi|Spinx|dycha|hades|maden,197,92,3
2022,Entropiq,Entropiq,El1an|Forester|Krad|Lack1|NickelBack,158,47,2
2022,FORZE,FORZE Esports,Jerry|KENSi|Norwi|shalfey|zorte,289,90,1
2022,FURIA,FURIA,KSCERATO|arT|drop|saffee|yuurih,360,43,1
2022,FaZe,FaZe Clan,Twistzz|broky|karrigan|rain|ropz,362,57,2
2022,G2,G2 Esports,Aleksib|JACKZ|NiKo|huNter-|m0NESY,199,84,3
2022,Gambit,Gambit Esports,Ax1Le|HObbit|interz|nafany|sh1ro,114,37,1
2022,Liquid,Team Liquid,EliGE|NAF|nitr0|oSee|shox,156,69,2
2022,MOUZ,MOUZ,Bymas|JDC|dexter|frozen|torzsi,160,148,4
2022,Movistar Riders,Movistar Riders,DeathZz|SunPayus|alex|dav1g|mopoz,223,57,3
2022,Natus Vincere,Natus Vincere,Perfecto|b1t|electroNic|s1mple|sdy,210,61,3
2022,OG,OG,F1KU|NEOFRAG|degster|flameZ|nexa,169,43,4
2022,Outsiders,Outsiders,FL1T|Jame|Qikert|fame|n0rb3r7,215,9,2
2022,Spirit,Team Spirit,Patsi|chopper|magixx|s1ren|w0nderful,194,39,2
2022,Vitality,Team Vitality,Magisk|ZywOo|apEX|dupreeh|misutaaa,216,36,2
2022,fnatic,Fnatic,FASHR|KRIMZ|mezii|nicoodoz|roeJ,149,128,4
2023,9INE,9INE,Goofy|KEi|Kylar|hades|mynio,313,75,1
2023,Apeks,Apeks,STYKO|jL|jkaem|kyxsan|nawwk,181,89,3
2023,Astralis,Astralis,Buzz|Staehr|b0RUP|blameF|dev1ce,154,65,3
2023,BIG,BIG,Krimbo|mantuu|prosus|s1n|tabseN,193,73,3
2023,Cloud9,Cloud9,Ax1Le|HObbit|buster|nafany|sh1ro,177,79,4
2023,ENCE,ENCE,NertZ|Snappi|SunPayus|dycha|maden,284,92,4
2023,FURIA,FURIA,FalleN|KSCERATO|arT|chelo|yuurih,182,43,2
2023,FaZe,FaZe Clan,Twistzz|broky|karrigan|rain|ropz,335,57,2
2023,G2,G2 Esports,HooXi|NiKo|huNter-|jks|m0NESY,324,84,2
2023,GamerLegion,GamerLegion,Keoz|acoR|iM|isak|siuhy,181,53,3
2023,HEROIC,HEROIC,TeSeS|cadiaN|jabbi|sjuush|stavn,277,93,4
2023,Liquid,Team Liquid,EliGE|NAF|YEKINDAR|nitr0|oSee,155,69,3
2023,MOUZ,MOUZ,JDC|dexter|frozen|torzsi|xertioN,179,148,2
2023,Monte,Monte,DemQQ|Woro2k|br0|kRaSnaL|sdy,173,34,3
2023,Natus Vincere,Natus Vincere,Perfecto|b1t|electroNic|npl|s1mple,180,61,3
2023,Virtus.pro,Virtus.pro,FL1T|Jame|fame|mir|n0rb3r7,135,102,2
2023,fnatic,Fnatic,FASHR|KRIMZ|mezii|nicoodoz|roeJ,181,128,3
2024,9z,9z Team,HUASOPEEK|Martinez|buda|dgt|max,346,52,1
2024,Astralis,Astralis,Staehr|br0|dev1ce|jabbi|stavn,200,65,3
2024,Complexity,Complexity,EliGE|Grim|JT|floppy|hallzerk,346,117,1
2024,Eternal Fire,Eternal Fire,Calyx|MAJ3R|Wicadia|XANTARES|woxic,366,49,1
2024,FURIA,FURIA,FalleN|KSCERATO|chelo|skullz|yuurih,176,43,2
2024,FaZe,FaZe Clan,broky|frozen|karrigan|rain|ropz,366,57,1
2024,Falcons,Team Falcons,Magisk|Snappi|SunPayus|dupreeh|maden,185,57,3
2024,G2,G2 Esports,NiKo|Snax|huNter-|m0NESY|malbsMd,182,84,3
2024,HEROIC,HEROIC,NertZ|TeSeS|degster|kyxsan|sjuush,234,93,2
2024,Imperial,Imperial Esports,HEN1|VINI|decenty|felps|noway,197,68,2
2024,Liquid,Team Liquid,NAF|Twistzz|YEKINDAR|cadiaN|skullz,169,69,2
2024,MIBR,MIBR,brnz4n|drop|exit|insani|saffee,267,74,1
2024,MOUZ,MOUZ,Brollan|Jimpphat|siuhy|torzsi|xertioN,358,148,1
2024,Natus Vincere,Natus Vincere,Aleksib|b1t|iM|jL|w0nderful,366,61,1
2024,SAW,SAW,MUTiRiS|arrozdoce|ewjerkz|rmn|story,282,50,3
2024,Spirit,Team Spirit,chopper|donk|magixx|sh1ro|zont1x,366,39,1
2024,The MongolZ,The MongolZ,910|Senzu|Techno4K|bLitz|mzinho,366,56,1
2024,Virtus.pro,Virtus.pro,FL1T|Jame|electroNic|fame|n0rb3r7,240,102,3
2024,Vitality,Team Vitality,Spinx|ZywOo|apEX|flameZ|mezii,366,36,1
2024,paiN,PaiN Gaming,biguzera|kauez|lux|nqz|snow,242,66,2
2025,3DMAX,3DMAX,Ex3rcice|Graviti|Lucky|Maka|bodyy,326,105,2
2025,Astralis,Astralis,HooXi|Magisk|Staehr|dev1ce|jabbi,121,65,3
2025,Aurora,Aurora Gaming,MAJ3R|Wicadia|XANTARES|jottAAA|woxic,265,46,3
2025,B8,B8,alex666|esenthial|headtr1ck|kensizor|npl,365,29,1
2025,Eternal Fire,Eternal Fire,Calyx|EMSTAR|imoRR|jresy|lugseN,115,49,5
2025,FURIA,FURIA,FalleN|KSCERATO|chelo|molodoy|skullz,1,43,2
2025,Falcons,Team Falcons,NiKo|TeSeS|kyousuke|kyxsan|m0NESY,191,57,3
2025,G2,G2 Esports,HeavyGod|SunPayus|huNter-|malbsMd|matys,167,84,5
2025,GamerLegion,GamerLegion,PR|REZ|Tauson|sl3nd|ztr,156,53,5
2025,HEROIC,HEROIC,Alkaren|LNZ|nilo|xfl0ud|yxngstxr,93,93,4
2025,Legacy,Legacy,dumau|latto|lux|n1ssim|saadzin,363,29,1
2025,Liquid,Team Liquid,NAF|NertZ|Twistzz|siuhy|ultimate,169,69,3
2025,MIBR,MIBR,Lucaozy|brnz4n|exit|insani|saffee,114,74,4
2025,MOUZ,MOUZ,Brollan|Jimpphat|Spinx|torzsi|xertioN,343,148,2
2025,Natus Vincere,Natus Vincere,Aleksib|b1t|iM|jL|w0nderful,188,61,2
2025,Spirit,Team Spirit,chopper|donk|magixx|sh1ro|zont1x,187,39,2
2025,The MongolZ,The MongolZ,910|Senzu|Techno4K|bLitz|mzinho,295,56,2
2025,Virtus.pro,Virtus.pro,FL1T|FL4MUS|ICY|electroNic|fame,175,102,4
2025,Vitality,Team Vitality,ZywOo|apEX|flameZ|mezii|ropz,356,36,2
2025,paiN,PaiN Gaming,biguzera|dav1deuS|dgt|nqz|snow,230,66,3
