player_id,nick,years,n_years,best_rating,teams
7998,s1mple,2015-2023,9,92,HellRaisers|Liquid|Natus Vincere
21167,donk,2024-2025,2,90,Spirit
11893,ZywOo,2019-2025,7,89,Vitality
19230,m0NESY,2022-2025,4,83,Falcons|G2
16920,sh1ro,2021-2025,5,78,Cloud9|Gambit|Players|Spirit
7938,XANTARES,2017-2025,7,77,Aurora|BIG|Eternal Fire|Space Soldiers
2757,GuardiaN,2015-2019,5,76,FaZe|Natus Vincere
3741,NiKo,2015-2025,11,76,FaZe|Falcons|G2|MOUZ
7592,device,2015-2025,10,75,?|Astralis
9216,coldzera,2015-2021,7,75,FaZe|Luminosity|MIBR|SK
15165,blameF,2019-2023,5,73,Astralis|Complexity|HEROIC
798,oskar,2015-2018,4,72,HellRaisers|MOUZ
8564,fer,2015-2022,7,72,Imperial|Luminosity|MIBR|SK
16555,Ax1Le,2021-2023,3,71,Cloud9|Gambit|Players
8738,EliGE,2015-2025,11,70,Complexity|Liquid
8918,electroNic,2017-2025,9,70,Cloud9|FlipSid3|Natus Vincere|Virtus.pro
7167,kennyS,2015-2020,6,69,Envy|G2
8574,woxic,2018-2025,5,69,Aurora|Eternal Fire|HellRaisers|MOUZ
13776,Jame,2019-2024,6,69,AVANGAR|Outsiders|Virtus.pro
15631,KSCERATO,2019-2025,7,69,FURIA
9960,frozen,2019-2025,7,69,FaZe|MOUZ
885,olofmeister,2015-2021,7,68,FaZe|fnatic
8183,rain,2015-2025,11,68,FaZe|G2|Kinguin
7398,dupreeh,2015-2024,10,68,?|Astralis|Falcons|HEROIC
8528,HObbit,2017-2023,5,68,Cloud9|Gambit|HellRaisers|Players
5794,tabseN,2017-2024,8,67,BIG
11816,ropz,2017-2025,9,67,FaZe|MOUZ|Vitality
10671,Ethan,2017-2020,4,67,CLG|Evil Geniuses|NRG
3972,huNter-,2019-2025,7,67,CR4ZY|G2|Valiance
18221,Spinx,2021-2025,5,67,ENCE|MOUZ|Vitality
7528,KRIMZ,2015-2023,9,66,GODSENT|fnatic
1225,shox,2015-2021,7,66,G2|Titan|Vitality
10994,stavn,2019-2025,7,66,Astralis|HEROIC
29,f0rest,2015-2019,5,65,Ninjas in Pyjamas
7429,Happy,2015-2017,3,65,Envy
7390,ScreaM,2015-2018,4,65,Envy|G2|Kinguin|Titan
9032,Magisk,2015-2025,11,65,Astralis|Dignitas|Falcons|OpTic
8520,NAF,2015-2025,11,65,Conquest|Liquid|OpTic|Renegades
8565,HEN1,2016-2024,4,65,FURIA|Immortals|Imperial|Tempo Storm
10394,Twistzz,2017-2025,9,65,FaZe|Liquid
18987,b1t,2021-2025,5,65,Natus Vincere
8095,aizy,2015-2019,5,64,Dignitas|FaZe|G2|North
3055,flusha,2015-2020,6,64,Cloud9|GODSENT|fnatic
8789,mir,2018-2023,4,64,Gambit|Spirit|Vega Squadron|Virtus.pro
19206,jL,2023-2025,3,64,Apeks|Natus Vincere
7594,flamie,2015-2020,6,63,Natus Vincere
2023,FalleN,2015-2025,11,63,FURIA|Imperial|Liquid|Luminosity
8735,autimatic,2016-2020,4,63,Cloud9|Gen.G
9618,nexa,2019-2024,5,63,CR4ZY|G2|OG|Valiance
12553,yuurih,2019-2025,7,63,FURIA
18053,broky,2019-2025,7,63,FaZe
14419,roeJ,2020-2023,4,63,Copenhagen Flames|MAD Lions|fnatic
13915,YEKINDAR,2021-2025,5,63,FURIA|Liquid|Outsiders|Virtus.pro
18850,Jimpphat,2023-2025,3,63,MOUZ
973,SZPERO,2015-2015,1,62,CSGL
7687,nitr0,2015-2023,8,62,Liquid
9078,k0nfig,2015-2023,9,62,Astralis|Complexity|Dignitas|Ninjas in Pyjamas
9031,valde,2016-2022,7,62,ENCE|North|OG|X
11916,sergej,2018-2020,3,62,ENCE
9136,Brehze,2018-2021,4,62,Evil Geniuses|NRG
13281,El1an,2021-2022,2,62,Entropiq
15662,zorte,2021-2024,4,62,BETBOOM|FORZE
19164,SunPayus,2022-2025,4,62,ENCE|Falcons|G2|HEROIC
20127,w0nderful,2022-2025,4,62,Natus Vincere|Spirit
21037,insani,2024-2025,2,62,MIBR
24177,kyousuke,2025-2025,1,62,Falcons
20447,HeavyGod,2025-2025,1,62,G2
4954,Xyp9x,2015-2022,8,61,?|Astralis
1146,dennis,2015-2018,4,61,G2|Kinguin|Ninjas in Pyjamas|fnatic
8394,Kjaerbye,2015-2020,6,61,Astralis|Dignitas|FaZe|North
7412,gla1ve,2016-2023,8,61,Astralis|ENCE|X
8575,Calyx,2017-2024,4,61,Eternal Fire|Space Soldiers|ex-Space Soldiers
7266,syrsoN,2020-2024,4,61,BIG
17306,degster,2021-2025,5,61,Falcons|HEROIC|OG|Spirit
20903,Senzu,2024-2025,2,61,The MongolZ
7403,WorldEdit,2015-2016,2,60,FlipSid3
39,GeT_RiGhT,2015-2019,5,60,Ninjas in Pyjamas
2469,cajunb,2015-2019,5,60,?|Astralis|Cloud9|Dignitas
8568,boltz,2015-2022,5,60,Immortals|Imperial|Luminosity|MIBR
7443,twist,2016-2020,4,60,GODSENT|Ninjas in Pyjamas|fnatic
9353,paz,2017-2018,2,60,Space Soldiers|ex-Space Soldiers
5479,suNny,2017-2020,3,60,ENCE|MOUZ
4679,jks,2017-2024,8,60,Complexity|FaZe|G2|Liquid
12732,FL1T,2019-2025,6,60,FORZE|Outsiders|Virtus.pro
16693,flameZ,2021-2025,5,60,OG|Vitality
19673,Patsi,2022-2023,2,60,Liquid|Spirit
19899,Krimbo,2022-2024,3,60,BIG
24144,molodoy,2025-2025,1,60,FURIA
2553,Snax,2015-2025,6,59,G2|GamerLegion|MOUZ|Virtus.pro
8370,mixwell,2016-2017,2,59,OpTic
8797,Stewie2K,2016-2021,6,59,Cloud9|Liquid|MIBR
9261,Lekr0,2016-2019,4,59,GODSENT|Ninjas in Pyjamas|fnatic
9255,draken,2017-2018,2,59,Ninjas in Pyjamas|fnatic
11219,CeRq,2018-2021,4,59,Evil Geniuses|NRG
10981,mantuu,2020-2021,2,59,OG
20312,xertioN,2022-2025,4,59,MOUZ
11617,malbsMd,2024-2025,2,59,G2
19808,tN1R,2025-2025,1,59,HEROIC
22279,PR,2025-2025,1,59,GamerLegion
8346,jdm64,2015-2017,3,58,CLG|Liquid
8783,JUGi,2017-2019,3,58,HEROIC|OpTic
9278,REZ,2017-2025,8,58,Epsilon|GamerLegion|Ninjas in Pyjamas
10449,ISSAA,2017-2020,3,58,HellRaisers|OG
4076,Aerial,2018-2020,3,58,ENCE
12733,xsepower,2019-2019,1,58,FORZE
11954,FASHR,2022-2023,2,58,ECSTATIC|fnatic
19045,latto,2025-2025,1,58,Legacy
7440,Skadoodle,2015-2018,4,57,Cloud9
8412,dream3r,2015-2015,1,57,E-frag.net
7168,NBK-,2015-2020,6,57,Envy|G2|OG|Vitality
8248,jkaem,2015-2023,6,57,100 Thieves|Apeks|FaZe|G2
7256,nex,2015-2018,4,57,BIG|MOUZ
13666,Brollan,2018-2025,8,57,GODSENT|MOUZ|Ninjas in Pyjamas|fnatic
10330,acoR,2019-2023,4,57,GamerLegion|MAD Lions|MOUZ|Tricked
13239,Qikert,2019-2022,4,57,AVANGAR|Outsiders|Virtus.pro
14759,iM,2023-2025,3,57,GamerLegion|Natus Vincere
21243,Wicadia,2024-2025,2,57,Aurora|Eternal Fire
2730,chrisJ,2015-2020,6,56,MOUZ
2644,Hiko,2015-2016,2,56,Liquid
695,allu,2015-2020,6,56,ENCE|FaZe|Ninjas in Pyjamas|OpTic
7322,apEX,2015-2025,11,56,Envy|G2|Vitality
3849,JW,2015-2020,6,56,GODSENT|fnatic
8349,shroud,2015-2017,3,56,Cloud9
13670,nawwk,2020-2023,2,56,Apeks|Ninjas in Pyjamas
16080,dycha,2021-2023,3,56,ENCE
18462,mezii,2021-2025,5,56,Cloud9|Vitality|fnatic
17956,jabbi,2021-2025,5,56,Astralis|Copenhagen Flames|HEROIC
9436,NertZ,2023-2025,3,56,ENCE|HEROIC|Liquid
19645,JamYoung,2025-2025,1,56,TYLOO
21062,MATYS,2025-2025,1,56,G2
334,AdreN,2015-2019,5,55,AVANGAR|FaZe|Gambit|HellRaisers
7356,MICHU,2015-2018,2,55,CSGL|Poland|Virtus.pro
2131,bondik,2015-2018,4,55,FlipSid3|HellRaisers
3347,seized,2015-2018,4,55,Gambit|Natus Vincere
557,fnx,2015-2016,2,55,Luminosity
8745,Rickeh,2017-2017,1,55,CLG
8611,es3tag,2017-2022,6,55,Astralis|Cloud9|HEROIC|Ninjas in Pyjamas
9612,Bubzkji,2019-2021,3,55,Astralis|MAD Lions|Tricked
12018,TeSeS,2020-2025,6,55,Falcons|HEROIC
12731,sdy,2020-2023,4,55,Monte|Natus Vincere|Spirit
18072,torzsi,2022-2025,4,55,MOUZ
20464,ewjerkz,2024-2024,1,55,SAW
7964,cadiaN,2015-2025,9,54,Astralis|HEROIC|Liquid|North
3847,znajder,2015-2016,2,54,Dignitas|GODSENT|HellRaisers
339,ANGE1,2015-2018,4,54,HellRaisers
6904,STYKO,2015-2023,7,54,Apeks|FunPlus Phoenix|GODSENT|HellRaisers
8994,HS,2017-2017,1,54,OpTic
9895,mertz,2018-2018,1,54,HEROIC
14148,sjuush,2019-2024,6,54,HEROIC|MAD Lions|Tricked
11283,ottoNd,2019-2019,1,54,CR4ZY|Valiance
13982,Forester,2021-2022,2,54,EPG Family|Entropiq
20304,Staehr,2022-2025,4,54,Astralis|Sprout
21708,npl,2023-2025,2,54,B8|Natus Vincere
20423,zont1x,2024-2025,2,54,Spirit
18141,biguzera,2024-2025,2,54,paiN
11154,exit,2024-2025,2,54,MIBR
22673,makazze,2025-2025,1,54,Natus Vincere
8323,mouz,2015-2015,1,53,CSGL
629,fox,2015-2016,2,53,FaZe|G2|Kinguin
7805,RUSH,2015-2021,6,53,Cloud9|Complexity|Conquest|OpTic
7169,RpK,2015-2020,5,53,Envy|G2|Titan|Vitality
9219,felps,2016-2024,4,53,Immortals|Imperial|MIBR|SK
8566,LUCAS1,2016-2019,3,53,Immortals|MIBR|Tempo Storm
10264,niko,2017-2021,5,53,HEROIC|OG|OpTic|Tricked
9766,hampus,2018-2022,4,53,GODSENT|Ninjas in Pyjamas
1378,zehN,2020-2021,2,53,FunPlus Phoenix|GODSENT
14614,oBo,2020-2021,2,53,Complexity|Evil Geniuses
14273,iDISBALANCE,2020-2020,1,53,Spirit
11777,Maden,2020-2024,5,53,ENCE|Falcons|FunPlus Phoenix|GODSENT
16848,hades,2021-2023,3,53,9INE|ENCE
20101,fame,2022-2025,4,53,Outsiders|Virtus.pro
19592,headtr1ck,2023-2025,2,53,B8|Ninjas in Pyjamas
12840,hallzerk,2023-2024,2,53,Complexity
21239,MartinezSa,2024-2024,1,53,9z
20465,arrozdoce,2024-2024,1,53,SAW
1485,RUBINO,2015-2018,3,52,Dignitas|HEROIC
8523,tarik,2015-2021,7,52,CLG|Cloud9|Evil Geniuses|MIBR
964,mou,2015-2018,4,52,Gambit|HellRaisers
7131,BnTeT,2018-2020,2,52,Gen.G|TYLOO
11942,buster,2019-2023,4,52,AVANGAR|Cloud9|Virtus.pro
14218,Plopski,2019-2022,4,52,Ancient|Ninjas in Pyjamas
13602,nicoodoz,2021-2024,4,52,Copenhagen Flames|HEROIC|fnatic
13466,dennyslaw,2021-2021,1,52,SKADE
13578,Grim,2021-2024,4,52,Complexity|Liquid
12713,floppy,2022-2024,3,52,Complexity
8371,alex,2022-2022,1,52,Movistar Riders
16612,n0rb3r7,2022-2024,3,52,Outsiders|Virtus.pro
14929,JDC,2022-2024,2,52,BIG|MOUZ
19284,prosus,2023-2023,1,52,BIG
16885,Woro2k,2023-2023,1,52,Monte
14736,dgt,2024-2025,2,52,9z|paiN
21809,910,2024-2025,2,52,The MongolZ
21001,mzinho,2024-2025,2,52,The MongolZ
19694,nqz,2024-2025,2,52,paiN
8151,AcilioN,2015-2018,3,51,Imperial|SK
7154,Pimp,2015-2016,2,51,Dignitas|Liquid
317,pashaBiceps,2015-2018,4,51,Virtus.pro
5386,byali,2015-2018,4,51,Virtus.pro
8570,GruBy,2015-2018,2,51,AGO|Vexed
11271,smooya,2018-2018,1,51,BIG
11840,Boombl4,2019-2022,4,51,Natus Vincere|Winstrike
13300,Farlig,2020-2022,3,51,Astralis|FunPlus Phoenix|GODSENT
16947,Perfecto,2020-2025,5,51,Cloud9|Natus Vincere|Virtus.pro
13249,oSee,2022-2023,2,51,Liquid
20275,Techno,2024-2025,2,51,The MongolZ
20563,lux,2024-2025,2,51,Legacy|paiN
13138,Maka,2025-2025,1,51,3DMAX
19187,xfl0ud,2025-2025,1,51,HEROIC
22842,kensizor,2025-2025,1,51,B8
20119,nilo,2025-2025,1,51,HEROIC
23643,esenthial,2025-2025,1,51,B8
21621,Moseyuh,2025-2025,1,51,TYLOO
483,Edward,2015-2019,5,50,Natus Vincere
545,MODDII,2015-2018,4,50,HEROIC|SK|X
9256,disco doplan,2018-2018,1,50,GODSENT
11343,SHiPZ,2019-2021,2,50,CR4ZY|Fiend|SKADE|Windigo
9686,Gratisfaction,2019-2020,2,50,100 Thieves|Renegades
12126,poizon,2020-2021,2,50,Complexity
18317,magixx,2020-2025,6,50,Spirit
19015,Bymas,2020-2022,3,50,FaZe|MOUZ
16921,nafany,2021-2024,4,50,BETBOOM|Cloud9|Gambit|Players
17011,shalfey,2022-2022,1,50,FORZE
18835,saffee,2022-2025,4,50,FURIA|MIBR
18790,CacaNito,2023-2023,1,50,Apeks
19733,DemQQ,2023-2023,1,50,Monte
15698,dumau,2025-2025,1,50,Legacy
203,n0thing,2015-2017,3,49,Cloud9
429,karrigan,2015-2025,11,49,?|Astralis|FaZe|MOUZ
4959,kioShiMa,2015-2017,3,49,Envy|FaZe
5287,TENZKI,2015-2016,2,49,Dignitas
7810,ShahZaM,2015-2015,1,49,Conquest
8374,bodyy,2016-2025,4,49,3DMAX|G2
8413,Zero,2016-2017,2,49,HellRaisers
9056,koosta,2017-2020,2,49,CLG|Gen.G
9616,amanek,2019-2021,3,49,G2
12521,arT,2019-2023,5,49,FURIA
13497,Lucky,2019-2025,2,49,3DMAX|G2
12027,Krad,2021-2022,2,49,EPG Family|Entropiq
14932,faveN,2022-2023,2,49,BIG
17504,KEi,2023-2023,1,49,9INE
16717,br0,2023-2024,2,49,Astralis|Monte
20194,bLitz,2024-2025,2,49,The MongolZ
21763,ultimate,2024-2025,2,49,Liquid
22965,saadzin,2025-2025,1,49,Legacy
20301,Tauson,2025-2025,1,49,GamerLegion
19686,n1ssim,2025-2025,1,49,Legacy
338,markeloff,2015-2017,3,48,FlipSid3
7433,adreN,2015-2015,1,48,Liquid
7834,v1c7oR,2015-2015,1,48,E-frag.net
884,Xizt,2015-2019,5,48,FaZe|Ninjas in Pyjamas|fnatic
7,Friis,2015-2016,2,48,SK|X
5388,rallen,2015-2015,1,48,Vexed
8327,Furlan,2015-2018,2,48,AGO|Poland|Vexed
8771,USTILO,2017-2018,2,48,Renegades
9816,Aleksib,2018-2025,8,48,ENCE|G2|Natus Vincere|OG
9896,b0RUP,2019-2020,2,48,HEROIC|Tricked
5736,kNgV-,2019-2020,2,48,MIBR
19236,KENSI,2021-2022,2,48,FORZE
18506,S1ren,2022-2024,3,48,BETBOOM|Spirit
19739,Ex3rcice,2025-2025,1,48,3DMAX
165,NEO,2015-2018,4,47,Virtus.pro
1045,Maikelele,2015-2016,2,47,FaZe|G2|Kinguin|Ninjas in Pyjamas
8522,FugLy,2015-2018,3,47,CLG|Liquid|NRG
3997,loWel,2017-2017,1,47,MOUZ
8875,gade,2018-2021,3,47,BIG|North|OpTic
11654,almazer,2019-2021,2,47,FORZE
12030,EspiranTo,2019-2019,1,47,CR4ZY|Valiance
10588,Liazz,2019-2020,2,47,100 Thieves|Renegades
14176,misutaaa,2020-2022,3,47,Vitality
12781,k1to,2020-2023,4,47,BIG
10610,refrezh,2021-2022,2,47,HEROIC|Sprout
20090,Zyphon,2021-2022,2,47,Copenhagen Flames|Sprout
11498,NickelBack,2021-2022,2,47,EPG Family|Entropiq
20282,kRaSnaL,2023-2023,1,47,Monte
20183,decenty,2024-2024,1,47,Imperial
20462,story,2024-2025,2,47,SAW
22361,jottAAA,2025-2025,1,47,Aurora|Eternal Fire
20895,Mercury,2025-2025,1,47,TYLOO
21014,Ag1l,2025-2025,1,47,SAW
3669,innocent,2015-2015,1,46,CSGL
161,TaZ,2015-2017,3,46,Virtus.pro
8507,stanislaw,2015-2021,6,46,Conquest|Evil Geniuses|Liquid|OpTic
9217,TACO,2015-2020,6,46,Liquid|Luminosity|MIBR|SK
7527,pyth,2016-2016,1,46,Ninjas in Pyjamas
8082,AZR,2017-2020,4,46,100 Thieves|Renegades
150,MAJ3R,2017-2025,5,46,Aurora|Eternal Fire|Space Soldiers|ex-Space Soldiers
9574,snatchie,2018-2018,1,46,AGO
284,JACKZ,2019-2022,4,46,G2
8726,facecrack,2019-2019,1,46,FORZE
13157,Jerry,2019-2022,3,46,FORZE
17372,FaNg,2022-2022,1,46,Complexity
20358,volt,2023-2023,1,46,GamerLegion|Into the Breach
15428,Goofy,2023-2023,1,46,9INE
22613,HUASOPEEK,2024-2024,1,46,9z
18865,dav1deuS,2025-2025,1,46,paiN
21439,ICY,2025-2025,1,46,Virtus.pro
20870,sl3nd,2025-2025,1,46,GamerLegion
8137,reltuC,2015-2017,3,45,CLG
8347,hazed,2015-2016,2,45,CLG
7808,freakazoid,2015-2016,2,45,Cloud9|Echo Fox
8605,somebody,2018-2018,1,45,TYLOO
7026,DD,2018-2018,1,45,TYLOO
8184,ALEX,2019-2021,2,45,Cloud9|Vitality|fnatic
7716,chopper,2020-2025,6,45,Spirit
17145,Rainwaker,2021-2021,1,45,SKADE
15821,NEOFRAG,2022-2023,2,45,OG
9254,mopoz,2022-2022,1,45,Movistar Riders
21468,hyped,2023-2023,1,45,BIG
19920,KaiR0N-,2024-2024,1,45,BETBOOM
20171,snow,2024-2025,2,45,paiN
20994,FL4MUS,2025-2025,1,45,Virtus.pro
3183,spyleadeR,2015-2015,1,44,E-frag.net
8124,DavCost,2015-2015,1,44,FlipSid3
7148,friberg,2015-2019,5,44,HEROIC|Ninjas in Pyjamas|OpTic
7382,steel,2015-2018,3,44,Immortals|Liquid|Luminosity
735,Dosia,2016-2018,3,44,Gambit
9257,freddieb,2018-2018,1,44,GODSENT
7248,xseveN,2018-2019,2,44,ENCE
10263,xccurate,2018-2018,1,44,TYLOO
12822,VINI,2019-2024,5,44,FURIA|Imperial
14365,s0m,2020-2020,1,44,Gen.G
13669,Jackinho,2021-2021,1,44,fnatic
15071,interz,2021-2022,2,44,Cloud9|Gambit|Players
13240,Lack1,2021-2022,2,44,EPG Family|Entropiq
19750,drop,2022-2024,3,44,FURIA|MIBR
10566,chelo,2023-2024,2,44,FURIA|Imperial
19114,Kylar,2023-2023,1,44,9INE
18676,skullz,2024-2024,1,44,FURIA|Liquid
12092,max,2024-2024,1,44,9z
22047,yxngstxr,2025-2025,1,44,HEROIC
20112,alex666,2025-2025,1,44,B8
2799,bubble,2015-2015,1,43,E-frag.net
484,Zeus,2015-2019,5,43,Gambit|Natus Vincere
823,Maniac,2015-2015,1,43,Titan
7499,Spiidi,2016-2016,1,43,MOUZ
922,Snappi,2016-2024,8,43,ENCE|Falcons|HEROIC|OpTic
8716,DeadFox,2017-2018,2,43,HellRaisers
9069,Nifty,2017-2018,2,43,Renegades
5796,tiziaN,2018-2022,5,43,BIG
16410,Duplicate,2021-2021,1,43,SKADE
19882,Norwi,2022-2022,1,43,FORZE
19677,kyxsan,2023-2025,3,43,Apeks|Falcons|HEROIC
17937,isak,2023-2024,2,43,GamerLegion
22564,noway,2024-2024,1,43,Imperial
23685,zweih,2025-2025,1,43,Spirit
1916,seang@res,2015-2015,1,42,Cloud9
5799,keev,2017-2017,1,42,BIG
19044,F1KU,2022-2023,2,42,OG
20085,kauez,2024-2024,1,42,paiN
2241,roman,2024-2024,1,42,SAW
21969,Graviti,2025-2025,1,42,3DMAX
8321,oskarish,2015-2015,1,41,CSGL
7511,denis,2015-2017,3,41,MOUZ
7156,MSL,2015-2019,5,41,Dignitas|North|OpTic
2031,wenton,2016-2016,1,41,fnatic
11891,phr,2018-2019,2,41,AGO|Virtus.pro
16770,ableJ,2019-2019,1,41,FURIA
9115,dexter,2021-2023,3,41,MOUZ|fnatic
9819,doto,2021-2021,1,41,ENCE
15370,slaxz-,2022-2022,1,41,Sprout
16820,siuhy,2023-2025,3,41,GamerLegion|Liquid|MOUZ
20987,brnz4n,2024-2025,2,41,MIBR
630,MUTiRiS,2024-2025,2,41,SAW
7166,Ex6TenZ,2015-2018,2,40,G2|Titan
6451,FNS,2015-2017,2,40,CLG
7369,peet,2015-2015,1,40,Poland|Vexed
11278,TOAO,2018-2018,1,40,AGO
10052,fitch,2019-2019,1,40,AVANGAR
13843,Lucky,2021-2021,1,40,Astralis
7170,SmithZz,2015-2018,3,39,G2|Titan
7368,Hyper,2015-2015,1,39,Vexed
8521,daps,2015-2020,5,39,Cloud9|Conquest|Gen.G|NRG
9220,SHOOWTiME,2016-2016,1,39,Immortals|Tempo Storm
9545,xms,2017-2017,1,39,Envy
11630,JT,2022-2024,3,39,Complexity
20941,Buzz,2023-2023,1,39,Astralis
18717,Lucaozy,2025-2025,1,39,MIBR
8569,DEVIL,2016-2016,1,38,Envy
9294,NaToSaphiX,2019-2019,1,38,MOUZ
10096,HooXi,2021-2025,5,38,Astralis|Copenhagen Flames|G2
13093,DeathZz,2022-2022,1,38,Movistar Riders
20607,buda,2024-2024,1,38,9z
136,gob b,2015-2019,4,37,BIG|MOUZ
11716,SANJI,2019-2021,3,37,AVANGAR|Virtus.pro
4216,LETN1,2019-2019,1,37,CR4ZY|Valiance
19310,LNZ,2021-2025,2,37,HEROIC|Ninjas in Pyjamas
14494,junior,2021-2021,1,37,FURIA
8552,Attacker,2025-2025,1,37,TYLOO
19509,dav1g,2022-2022,1,36,Movistar Riders
15117,Keoz,2023-2023,1,36,GamerLegion
4829,mynio,2023-2023,1,36,9INE
7796,wayLander,2016-2016,1,35,FlipSid3|Gambit
11110,Golden,2017-2020,4,35,fnatic
9857,ngiN,2018-2018,1,35,Space Soldiers|ex-Space Soldiers
5187,captainMo,2018-2018,1,35,TYLOO
19672,Kyojin,2021-2021,1,35,Vitality
16486,ztr,2021-2025,2,35,GamerLegion|Ninjas in Pyjamas
1866,Shara,2016-2016,1,34,FlipSid3
499,hooch,2016-2016,1,34,Gambit
147,SIXER,2017-2017,1,34,Envy
302,kUcheR,2015-2015,1,33,HellRaisers
41,pronax,2015-2016,2,32,GODSENT|fnatic
472,B1ad3,2015-2016,2,32,FlipSid3
3252,LEGIJA,2017-2017,1,30,BIG
5327,nkl,2015-2015,1,28,E-frag.net
163,Loord,2015-2015,1,24,CSGL
7218,kRYSTAL,2020-2020,1,21,GODSENT
