nick,slots,nationality,peak_rating,existing,position
NiKo,11,Bosnia and Herzegovina,77,,
NAF,10,Canada,65,,
rain,10,Norway,68,,
EliGE,10,United States,70,,
FalleN,9,Brazil,64,awp|igl,
apEX,9,France,55,,
KRIMZ,9,Sweden,65,,
device,9,Denmark,75,awp,
karrigan,9,Denmark,37,igl,
Twistzz,9,Canada,66,,
ropz,9,Estonia,68,,
Magisk,9,Denmark,65,awp,
shox,8,France,67,,
s1mple,8,Ukraine,92,,
nitr0,8,United States,62,,
dupreeh,8,Denmark,68,,
electroNic,8,Russia,72,,
huNter-,8,Bosnia and Herzegovina,68,,
JW,7,Sweden,56,awp,
olofmeister,7,Sweden,66,,
Xyp9x,7,Denmark,61,,
Stewie2K,7,United States,59,,
Snappi,7,Denmark,44,igl,
Aleksib,7,Finland,48,igl,
KSCERATO,7,Brazil,69,,
stanislaw,6,Canada,45,,
AdreN,6,Kazakhstan,54,,
coldzera,6,Brazil,77,,
chrisJ,6,Netherlands,57,awp,
flamie,6,Russia,62,,
kennyS,6,France,69,awp,
STYKO,6,Slovakia,53,,
gla1ve,6,Denmark,61,igl,
tabseN,6,Germany,65,,
HObbit,6,Kazakhstan,67,,
REZ,6,Sweden,59,,
nexa,6,Serbia,64,,
Brollan,6,Sweden,57,,
FL1T,6,Russia,61,,
yuurih,6,Brazil,65,,
frozen,6,Slovakia,70,,
ZywOo,6,France,90,awp,
sh1ro,6,Russia,79,awp,
tarik,5,United States,52,,
NBK-,5,France,57,,
dennis,5,Sweden,62,,
fer,5,Brazil,73,,
Edward,5,Ukraine,49,,
GuardiaN,5,Slovakia,76,awp,
Zeus,5,Ukraine,43,igl,
GeT_RiGhT,5,Sweden,60,,
allu,5,Finland,55,awp,
f0rest,5,Sweden,66,,
friberg,5,Sweden,45,,
RpK,5,France,53,,
Snax,5,Poland,58,,
flusha,5,Sweden,64,,
k0nfig,5,Denmark,60,,
felps,5,Brazil,53,,
woxic,5,Türkiye,70,awp,
XANTARES,5,Türkiye,75,,
Jame,5,Russia,70,awp|igl,
arT,5,Brazil,49,igl,
stavn,5,Denmark,61,,
broky,5,Latvia,62,awp,
TeSeS,5,Denmark,54,,
chopper,5,Russia,45,igl,
magixx,5,Russia,50,,
jabbi,5,Denmark,57,,
b1t,5,Ukraine,65,,
MICHU,4,Poland,55,,
Skadoodle,4,United States,56,awp,
RUSH,4,United States,53,,
daps,4,Canada,42,igl,
Kjaerbye,4,Denmark,62,,
MSL,4,Denmark,40,igl,
aizy,4,Denmark,65,,
bondik,4,Ukraine,55,,
ANGE1,4,Ukraine,54,igl,
Dosia,4,Russia,44,,
mou,4,Kazakhstan,52,,
nex,4,Germany,57,,
Xizt,4,Sweden,48,igl,
NEO,4,Poland,47,,
byali,4,Poland,51,,
pashaBiceps,4,Poland,51,awp,
cajunb,4,Denmark,60,,
jkaem,4,Norway,58,,
bodyy,4,France,49,,
Lekr0,4,Sweden,51,,
twist,4,Sweden,57,,
HEN1,4,Brazil,67,awp,
TACO,4,Brazil,45,,
jks,4,Australia,60,,
mir,4,Russia,62,,
Brehze,4,United States,62,,
CeRq,4,Bulgaria,60,awp,
VINI,4,Brazil,43,,
JACKZ,4,France,46,,
blameF,4,Denmark,73,igl,
sjuush,4,Denmark,52,,
Maden,4,Montenegro,51,awp,
cadiaN,4,Denmark,54,awp|igl,
Perfecto,4,Russia,51,,
sdy,4,Ukraine,54,,
HooXi,4,Denmark,42,igl,
nicoodoz,4,Denmark,52,awp,
roeJ,4,Denmark,59,,
Spinx,4,Israel,60,,
Ax1Le,4,Russia,73,,
nafany,4,Russia,50,igl,
flameZ,4,Israel,60,,
m0NESY,4,Russia,83,awp,
torzsi,4,Hungary,55,awp,
SunPayus,4,Spain,64,awp,
fame,4,Russia,54,,
mezii,4,United Kingdom,56,,
jdm64,3,United States,58,awp,
reltuC,3,United States,45,,
n0thing,3,United States,49,,
shroud,3,Canada,56,,
Happy,3,France,65,igl,
SmithZz,3,France,38,awp,
kioShiMa,3,France,49,,
ScreaM,3,Belgium,66,,
boltz,3,Brazil,57,,
gob b,3,Germany,38,igl,
seized,3,Russia,55,,
TaZ,3,Poland,45,igl,
koosta,3,United States,49,awp,
DeadFox,3,Hungary,42,awp,
autimatic,3,United States,60,,
JUGi,3,Denmark,59,awp,
es3tag,3,Denmark,56,,
niko,3,Denmark,53,,
AZR,3,Australia,47,igl,
tiziaN,3,Germany,44,,
hampus,3,Sweden,53,igl,
Ethan,3,United States,69,,
valde,3,Denmark,62,,
Calyx,3,Türkiye,56,,
MAJ3R,3,Türkiye,45,igl,
Golden,3,Sweden,34,igl,
buster,3,Kazakhstan,51,,
Qikert,3,Kazakhstan,57,,
Jerry,3,Russia,46,awp,
amanek,3,France,49,,
acoR,3,Denmark,53,awp,
b0RUP,3,Denmark,48,,
k1to,3,Germany,40,,
syrsoN,3,Germany,62,awp,
mantuu,3,Poland,59,awp,
misutaaa,3,France,47,,
dycha,3,Poland,56,,
hades,3,Poland,53,,
drop,3,Brazil,44,,
interz,3,Russia,43,,
dexter,3,Australia,39,igl,
degster,3,Russia,59,awp,
YEKINDAR,3,Latvia,63,,
saffee,3,Brazil,50,awp,
n0rb3r7,3,Russia,52,,
w0nderful,3,Ukraine,61,awp,
jL,3,Lithuania,64,,
kyxsan,3,North Macedonia,42,igl,
Staehr,3,Denmark,54,,
NertZ,3,Israel,56,,
chelo,3,Brazil,44,,
iM,3,Romania,57,,
siuhy,3,Poland,40,igl,
xertioN,3,Israel,59,,
skullz,3,Brazil,43,,
FNS,2,Canada,40,igl,
hazed,2,United States,45,,
SZPERO,2,Poland,62,,
innocent,2,Poland,46,,
Pimp,2,Denmark,51,,
B1ad3,2,Ukraine,32,igl,
WorldEdit,2,Russia,60,awp,
markeloff,2,Ukraine,48,awp,
fox,2,Portugal,53,awp|igl,
FugLy,2,United States,47,,
Hiko,2,United States,56,,
steel,2,Brazil,37,,
denis,2,Germany,35,,
AcilioN,2,Denmark,51,igl,
Ex6TenZ,2,Belgium,42,igl,
Furlan,2,Poland,48,,
GruBy,2,Poland,50,igl,
pronax,2,Sweden,34,igl,
nahtE,2,,43,,
RUBINO,2,Norway,46,,
Zero,2,Slovakia,49,,
LUCAS1,2,Brazil,45,,
mixwell,2,Spain,60,awp,
MODDII,2,Sweden,41,,
oskar,2,Czech Republic,65,awp,
suNny,2,Finland,60,,
Nifty,2,United States,44,awp,
USTILO,2,Australia,48,,
Aerial,2,Finland,55,,
sergej,2,Finland,58,,
xseveN,2,Finland,46,,
mertz,2,Denmark,55,awp,
ISSAA,2,Jordan,58,,
BnTeT,2,Indonesia,51,igl,
SANJI,2,Uzbekistan,35,,
EspiranTo,2,Lithuania,46,awp,
LETN1,2,Serbia,35,,
ottoNd,2,Finland,54,,
almazer,2,Russia,47,igl,
Lucky,2,France,49,awp,
refrezh,2,Denmark,47,,
Bubzkji,2,Denmark,53,,
oBo,2,United States,52,,
Farlig,2,Denmark,51,awp,
Boombl4,2,Russia,43,igl,
Plopski,2,Sweden,52,,
nawwk,2,Sweden,57,awp,
Zyphon,2,Denmark,47,,
El1an,2,Russia,63,awp,
Forester,2,Russia,53,awp,
Krad,2,Russia,49,,
Lack1,2,Kazakhstan,45,igl,
NickelBack,2,Russia,47,,
KENSI,2,Russia,48,,
zorte,2,Russia,52,,
Grim,2,United States,47,,
Bymas,2,Lithuania,50,,
LNZ,2,Sweden,38,,
Krimbo,2,Germany,61,,
oSee,2,United States,51,awp,
JDC,2,Germany,42,,
FASHR,2,Netherlands,57,,
br0,2,Denmark,49,awp,
npl,2,Ukraine,52,igl,
dgt,2,Uruguay,51,igl,
Wicadia,2,Türkiye,57,,
malbsMd,2,Guatemala,59,,
brnz4n,2,Brazil,43,,
exit,2,Brazil,53,,
insani,2,Brazil,61,,
Jimpphat,2,Finland,64,,
donk,2,Russia,93,,
zont1x,2,Ukraine,54,,
910,2,Mongolia,51,,
Senzu,2,Mongolia,61,awp,
Techno4K,2,,44,awp,
bLitz,2,Mongolia,49,igl,
mzinho,2,Mongolia,51,awp,
biguzera,2,Brazil,54,igl,
lux,2,Brazil,50,,
nqz,2,Brazil,52,awp,
snow,2,Brazil,45,,
Loord,1,Poland,27,,
oskarish,1,Poland,42,,
freakazoid,1,United States,45,,
sgares,1,,44,igl,
ShahZaM,1,United States,49,awp,
Nico,1,,44,,
bubble,1,Bulgaria,43,,
dream3r,1,Bulgaria,57,,
nkl,1,Bulgaria,28,,
spyleadeR,1,Bulgaria,44,,
v1c7oR,1,Bulgaria,48,,
MINISE,1,,44,,
mouz,1,Poland,52,,
kUcheR,1,Russia,32,,
Maikelele,1,Sweden,47,awp,
adreN,1,United States,48,,
BERRY,1,,44,,
Friis,1,Denmark,48,,
SandeN,1,,44,,
TENZKI,1,Denmark,49,,
Maniac,1,Switzerland,44,,
Hyper,1,Poland,41,,
peet,1,Poland,41,,
rallen,1,Poland,48,,
Subroza,1,,43,,
Slemmy,1,,43,igl,
Magiskb0Y,1,,43,awp,
DEVIL,1,France,40,,
Shara,1,Ukraine,35,,
wayLander,1,Russia,36,,
pauf,1,,43,,
znajder,1,Sweden,53,awp,
hooch,1,Russia,39,,
spaze,1,,43,,
fnx,1,Brazil,55,,
Spiidi,1,Germany,42,,
pyth,1,Sweden,45,,
SHOOWTiME,1,Brazil,41,,
LEGIJA,1,Germany,32,,
keev,1,Germany,43,awp,
Rickeh,1,Australia,54,awp,
SIXER,1,France,32,awp,
xms,1,France,37,,
draken,1,Sweden,59,awp,
HS,1,Estonia,53,,
TOAO,1,Poland,40,,
phr,1,Poland,38,,
snatchie,1,Poland,46,awp,
smooya,1,United Kingdom,50,awp,
disco doplan,1,Sweden,49,,
freddieb,1,Sweden,45,awp,
gade,1,Denmark,47,,
ngiN,1,Türkiye,32,,
paz,1,Türkiye,52,,
DD,1,China,45,,
captainMo,1,China,39,,
somebody,1,China,45,,
xccurate,1,Indonesia,45,awp,
facecrack,1,Russia,47,,
xsepower,1,Russia,55,awp,
ableJ,1,Brazil,44,,
NaToSaphiX,1,Denmark,41,,
Gratisfaction,1,New Zealand,41,,
Liazz,1,Australia,46,,
HUNDEN,1,,44,igl,
ALEX,1,United Kingdom,40,,
poizon,1,Bulgaria,50,,
kRYSTAL,1,Germany,23,igl,
zehN,1,Finland,53,,
s0m,1,United States,45,,
iDISBALANCE,1,Russia,52,,
doto,1,Finland,43,,
Kyojin,1,France,34,,
Jackinho,1,Sweden,45,,
faveN,1,Germany,48,,
Norwi,1,Russia,44,,
shalfey,1,Russia,50,,
DeathZz,1,Spain,39,,
alex,1,Spain,52,igl,
dav1g,1,Spain,37,,
mopoz,1,Spain,45,,
F1KU,1,Poland,43,,
NEOFRAG,1,Czech Republic,46,,
Patsi,1,Russia,58,,
S1ren,1,Russia,47,,
Goofy,1,Poland,46,,
KEi,1,Poland,49,,
Kylar,1,Poland,45,awp,
mynio,1,Poland,37,,
Buzz,1,Denmark,38,,
prosus,1,Germany,51,,
s1n,1,,44,,
Keoz,1,Belgium,37,,
isak,1,Sweden,43,,
DemQQ,1,Ukraine,50,,
Woro2k,1,Ukraine,52,awp,
kRaSnaL,1,Poland,47,,
HUASOPEEK,1,Chile,47,,
Martinez,1,,44,,
buda,1,Argentina,41,,
max,1,Uruguay,45,awp,
JT,1,South Africa,37,igl,
floppy,1,United States,42,,
hallzerk,1,Norway,53,awp,
decenty,1,Brazil,47,,
noway,1,Brazil,43,awp,
MUTiRiS,1,Portugal,43,awp,
arrozdoce,1,Portugal,52,,
ewjerkz,1,Portugal,54,,
rmn,1,,44,,
story,1,Portugal,47,,
kauez,1,Brazil,41,,
Ex3rcice,1,France,48,,
Graviti,1,France,41,awp,
Maka,1,France,51,igl,
jottAAA,1,Türkiye,46,,
alex666,1,Ukraine,46,,
esenthial,1,Ukraine,50,,
headtr1ck,1,Ukraine,45,awp,
kensizor,1,Ukraine,50,,
EMSTAR,1,,44,,
imoRR,1,,44,,
jresy,1,,44,,
lugseN,1,,44,,
molodoy,1,Kazakhstan,61,awp,
kyousuke,1,Russia,58,,
HeavyGod,1,Israel,62,awp,
MATYS,1,Slovakia,54,,
PR,1,Czech Republic,60,,
Tauson,1,Denmark,49,awp,
sl3nd,1,Hungary,47,awp,
ztr,1,Sweden,29,,
Alkaren,1,,44,,
nilo,1,Sweden,50,,
xfl0ud,1,Türkiye,51,awp,
yxngstxr,1,Sweden,44,,
dumau,1,Brazil,50,awp,
latto,1,Brazil,56,,
n1ssim,1,Brazil,49,,
saadzin,1,Brazil,49,,
ultimate,1,Poland,46,awp,
Lucaozy,1,Brazil,43,,
FL4MUS,1,Russia,45,awp,
ICY,1,Kazakhstan,45,awp,
dav1deuS,1,Chile,45,,
